pdb_id,chain_code,seq,sst8,sst3,len,has_nonstd_aa
1A2Z,A,FPTIPHASLVG,CCTTTCCGG,HHHEEETTT,11,False
1B3Y,B,GSHSMRYFFTSVSRPGRGEPRFIAVGYVDDTQFVRFDSDAASQRMEPRAPWIEQEGPEYWDRNTQIY,GGGGGGGGGGGGGGGGGGGGGGGGGGGGGGGGGGGGGGGGGGGGGGGGGGGGGGGGGGGGGGGGGGGGGGGG,TTTTTTTTTTTTTTTTTTTTTTTTTTTTTTTTTTTTTTTTTTTTTTTTTTTTTTTTTTTTTTTTTTTTTTTT,70,False
2B3Y,C,GSHSMRYFFTSVSRPGRGEPRFIAVGYVDDTQFVRFDSDAASQRMEPRAPWIEQEGPEYWDRNTQIY,CCTTTCCGGHHHEEETTT,HHHEEETTT,70,False
1D4Z,D,MVLSEGEWQLVLHVWAKVEADVAGHGQDILIRLFKSHPETLEKFDRFKHLKTEAEMKASEDLKKHGN,CCTTTCCGGHHHEEETTT,HHHEEETTT,70,True
5E5Y,E,MVLSEGEWQLVLHVWAKVEADVAGHGQDILIRLFKSHPETLEKFDRFKHLKTEAEMKASEDLKKHGN,CCTTTCCGGHHHEEETTT,HHHEEETTT,70,False
6F6Z,F,MVLSEGEWQLVLHVWAKVEADVAGHGQDILIRLFKSHPETLEKFDRFKHLKTEAEMKASEDLKKHGN,CCTTTCCGGHHHEEETTT,HHHEEETTT,70,False
7G7Y,G,MVLSEGEWQLVLHVWAKVEADVAGHGQDILIRLFKSHPETLEKFDRFKHLKTEAEMKASEDLKKHGN,CCTTTCCGGHHHEEETTT,HHHEEETTT,70,False
8H8Z,H,MVLSEGEWQLVLHVWAKVEADVAGHGQDILIRLFKSHPETLEKFDRFKHLKTEAEMKASEDLKKHGN,CCTTTCCGGHHHEEETTT,HHHEEETTT,70,True
9I9Y,I,MVLSEGEWQLVLHVWAKVEADVAGHGQDILIRLFKSHPETLEKFDRFKHLKTEAEMKASEDLKKHGN,CCTTTCCGGHHHEEETTT,HHHEEETTT,70,False
1J1Z,J,MVLSEGEWQLVLHVWAKVEADVAGHGQDILIRLFKSHPETLEKFDRFKHLKTEAEMKASEDLKKHGN,CCTTTCCGGHHHEEETTT,HHHEEETTT,70,False
